Area Year,Area,Year,Population,Cases,Rate
Anderson2018,Anderson,2018,"58,057",247,425.4
Anderson2016,Anderson,2016,"57,550",223,387.5
Anderson2017,Anderson,2017,"58,212",214,367.6
Anderson2014,Anderson,2014,"57,849",214,369.9
Anderson2015,Anderson,2015,"57,646",195,338.3
Andrews2018,Andrews,2018,"18,128",74,408.2
Andrews2015,Andrews,2015,"18,083",67,370.5
Andrews2014,Andrews,2014,"17,445",63,361.1
Andrews2017,Andrews,2017,"17,631",62,351.7
Andrews2016,Andrews,2016,"17,805",51,286.4
Angelina2015,Angelina,2015,"87,874",483,549.7
Angelina2014,Angelina,2014,"87,599",474,541.1
Angelina2016,Angelina,2016,"87,759",468,533.3
Angelina2018,Angelina,2018,"87,092",425,488
Angelina2017,Angelina,2017,"87,711",405,461.7
Aransas2015,Aransas,2015,"24,815",158,636.7
Aransas2016,Aransas,2016,"25,191",132,524
Aransas2014,Aransas,2014,"24,570",124,504.7
Aransas2017,Aransas,2017,"25,447",118,463.7
Aransas2018,Aransas,2018,"23,792",104,437.1
Archer2015,Archer,2015,"8,758",113,1290.2
Archer2014,Archer,2014,"8,837",21,237.6
Archer2017,Archer,2017,"8,786",16,182.1
Archer2018,Archer,2018,"8,786",13,148
Archer2016,Archer,2016,"8,780",13,148.1
Armstrong2017,Armstrong,2017,"1,881",109,5794.8
Armstrong2018,Armstrong,2018,"1,892",98,5179.7
Armstrong2016,Armstrong,2016,"1,843",71,3852.4
Armstrong2015,Armstrong,2015,"1,901",31,1630.7
Armstrong2014,Armstrong,2014,"1,913",,
Atascosa2018,Atascosa,2018,"50,310",426,846.8
Atascosa2017,Atascosa,2017,"49,069",403,821.3
Atascosa2016,Atascosa,2016,"48,703",312,640.6
Atascosa2015,Atascosa,2015,"48,349",210,434.3
Atascosa2014,Atascosa,2014,"47,708",201,421.3
Austin2016,Austin,2016,"29,636",94,317.2
Austin2018,Austin,2018,"29,989",78,260.1
Austin2015,Austin,2015,"29,473",77,261.3
Austin2017,Austin,2017,"29,757",71,238.6
Austin2014,Austin,2014,"28,972",56,193.3
Bailey2018,Bailey,2018,"7,027",32,455.4
Bailey2017,Bailey,2017,"7,054",27,382.8
Bailey2016,Bailey,2016,"7,185",22,306.2
Bailey2015,Bailey,2015,"7,222",20,276.9
Bailey2014,Bailey,2014,"6,970",18,258.2
Bandera2017,Bandera,2017,"22,324",49,219.5
Bandera2018,Bandera,2018,"22,824",35,153.3
Bandera2016,Bandera,2016,"21,705",25,115.2
Bandera2015,Bandera,2015,"21,148",19,89.8
Bandera2014,Bandera,2014,"20,816",14,67.3
Bastrop2018,Bastrop,2018,"86,976",825,948.5
Bastrop2017,Bastrop,2017,"84,809",737,869
Bastrop2016,Bastrop,2016,"82,827",643,776.3
Bastrop2015,Bastrop,2015,"80,281",490,610.4
Bastrop2014,Bastrop,2014,"77,994",301,385.9
Baylor2017,Baylor,2017,"3,559",11,309.1
Baylor2016,Baylor,2016,"3,638",11,302.4
Baylor2014,Baylor,2014,"3,567",5,140.2
Baylor2018,Baylor,2018,"3,582",,
Baylor2015,Baylor,2015,"3,609",,
Bee2017,Bee,2017,"32,599",279,855.9
Bee2018,Bee,2018,"32,587",218,669
Bee2016,Bee,2016,"32,809",212,646.2
Bee2015,Bee,2015,"32,612",190,582.6
Bee2014,Bee,2014,"32,846",174,529.7
Bell2017,Bell,2017,"347,851","4,034",1159.7
Bell2016,Bell,2016,"341,305","3,840",1125.1
Bell2015,Bell,2015,"336,174","3,831",1139.6
Bell2014,Bell,2014,"330,208","3,448",1044.2
Bell2018,Bell,2018,"355,642","3,346",940.8
Bexar2016,Bexar,2016,"1,929,530","13,600",704.8
Bexar2015,Bexar,2015,"1,896,116","13,069",689.3
Bexar2017,Bexar,2017,"1,958,841","12,932",660.2
Bexar2014,Bexar,2014,"1,858,787","11,128",598.7
Bexar2018,Bexar,2018,"1,986,049","10,539",530.7
Blanco2017,Blanco,2017,"11,513",125,1085.7
Blanco2018,Blanco,2018,"11,702",105,897.3
Blanco2016,Blanco,2016,"11,323",71,627
Blanco2015,Blanco,2015,"11,042",44,398.5
Blanco2014,Blanco,2014,"10,817",31,286.6
Borden2016,Borden,2016,657,0,0
Borden2015,Borden,2015,655,0,0
Borden2014,Borden,2014,665,0,0
Borden2018,Borden,2018,648,,
Borden2017,Borden,2017,670,,
Bosque2018,Bosque,2018,"18,691",52,278.2
Bosque2014,Bosque,2014,"17,719",49,276.5
Bosque2017,Bosque,2017,"18,318",45,245.7
Bosque2015,Bosque,2015,"17,868",45,251.8
Bosque2016,Bosque,2016,"18,014",28,155.4
Bowie2016,Bowie,2016,"93,994",582,619.2
Bowie2018,Bowie,2018,"94,324",574,608.5
Bowie2014,Bowie,2014,"93,502",523,559.3
Bowie2015,Bowie,2015,"93,494",501,535.9
Bowie2017,Bowie,2017,"93,977",475,505.4
Brazoria2018,Brazoria,2018,"370,200","1,433",387.1
Brazoria2017,Brazoria,2017,"362,700","1,421",391.8
Brazoria2016,Brazoria,2016,"353,778","1,223",345.7
Brazoria2015,Brazoria,2015,"345,617","1,176",340.3
Brazoria2014,Brazoria,2014,"337,698","1,144",338.8
Brazos2017,Brazos,2017,"223,572","1,544",690.6
Brazos2018,Brazos,2018,"226,758","1,462",644.7
Brazos2016,Brazos,2016,"220,156","1,427",648.2
Brazos2015,Brazos,2015,"216,450","1,373",634.3
Brazos2014,Brazos,2014,"209,030","1,314",628.6
Brewster2015,Brewster,2015,"9,136",59,645.8
Brewster2014,Brewster,2014,"9,151",50,546.4
Brewster2017,Brewster,2017,"9,330",47,503.8
Brewster2016,Brewster,2016,"9,197",43,467.5
Brewster2018,Brewster,2018,"9,267",28,302.1
Briscoe2016,Briscoe,2016,"1,485",15,1010.1
Briscoe2017,Briscoe,2017,"1,518",14,922.3
Briscoe2018,Briscoe,2018,"1,516",11,725.6
Briscoe2015,Briscoe,2015,"1,515",5,330
Briscoe2014,Briscoe,2014,"1,551",,
Brooks2015,Brooks,2015,"7,200",54,750
Brooks2018,Brooks,2018,"7,114",51,716.9
Brooks2017,Brooks,2017,"7,153",50,699
Brooks2016,Brooks,2016,"7,200",49,680.6
Brooks2014,Brooks,2014,"7,234",41,566.8
Brown2017,Brown,2017,"37,870",203,536
Brown2016,Brown,2016,"38,074",203,533.2
Brown2018,Brown,2018,"37,924",164,432.4
Brown2015,Brown,2015,"37,749",154,408
Brown2014,Brown,2014,"37,555",149,396.8
Burleson2015,Burleson,2015,"17,614",84,476.9
Burleson2016,Burleson,2016,"17,855",77,431.3
Burleson2014,Burleson,2014,"17,390",72,414
Burleson2017,Burleson,2017,"18,068",70,387.4
Burleson2018,Burleson,2018,"18,389",56,304.5
Burnet2017,Burnet,2017,"46,654",221,473.7
Burnet2016,Burnet,2016,"45,852",176,383.8
Burnet2015,Burnet,2015,"44,753",173,386.6
Burnet2018,Burnet,2018,"47,542",131,275.5
Burnet2014,Burnet,2014,"43,951",125,284.4
Caldwell2018,Caldwell,2018,"43,247",481,1112.2
Caldwell2016,Caldwell,2016,"41,169",433,1051.8
Caldwell2017,Caldwell,2017,"42,425",427,1006.5
Caldwell2015,Caldwell,2015,"40,442",330,816
Caldwell2014,Caldwell,2014,"39,721",187,470.8
Calhoun2018,Calhoun,2018,"21,561",86,398.9
Calhoun2016,Calhoun,2016,"21,977",79,359.5
Calhoun2014,Calhoun,2014,"21,821",69,316.2
Calhoun2017,Calhoun,2017,"21,770",64,294
Calhoun2015,Calhoun,2015,"21,906",61,278.5
Callahan2015,Callahan,2015,"13,591",43,316.4
Callahan2016,Callahan,2016,"13,789",39,282.8
Callahan2014,Callahan,2014,"13,506",24,177.7
Callahan2017,Callahan,2017,"13,968",23,164.7
Callahan2018,Callahan,2018,"13,994",22,157.2
Cameron2017,Cameron,2017,"423,181","2,084",492.5
Cameron2016,Cameron,2016,"422,137","2,075",491.5
Cameron2018,Cameron,2018,"423,908","2,074",489.3
Cameron2014,Cameron,2014,"419,467","1,933",460.8
Cameron2015,Cameron,2015,"420,058","1,724",410.4
Camp2014,Camp,2014,"12,664",73,576.4
Camp2018,Camp,2018,"13,033",57,437.4
Camp2017,Camp,2017,"12,874",53,411.7
Camp2016,Camp,2016,"12,786",51,398.9
Camp2015,Camp,2015,"12,708",49,385.6
Carson2018,Carson,2018,"6,005",55,915.9
Carson2017,Carson,2017,"6,010",48,798.7
Carson2016,Carson,2016,"6,095",43,705.5
Carson2015,Carson,2015,"6,011",31,515.7
Carson2014,Carson,2014,"6,037",9,149.1
Cass2017,Cass,2017,"29,980",97,323.5
Cass2014,Cass,2014,"30,121",97,322
Cass2016,Cass,2016,"30,073",96,319.2
Cass2018,Cass,2018,"30,119",90,298.8
Cass2015,Cass,2015,"30,141",62,205.7
Castro2017,Castro,2017,"7,760",27,347.9
Castro2018,Castro,2018,"7,665",23,300.1
Castro2016,Castro,2016,"7,783",22,282.7
Castro2015,Castro,2015,"7,797",22,282.2
Castro2014,Castro,2014,"7,929",12,151.3
Chambers2015,Chambers,2015,"39,068",90,230.4
Chambers2016,Chambers,2016,"40,247",68,169
Chambers2018,Chambers,2018,"42,454",64,150.8
Chambers2017,Chambers,2017,"41,399",48,115.9
Chambers2014,Chambers,2014,"38,290",38,99.2
Cherokee2016,Cherokee,2016,"51,926",263,506.5
Cherokee2018,Cherokee,2018,"52,592",262,498.2
Cherokee2015,Cherokee,2015,"51,594",251,486.5
Cherokee2014,Cherokee,2014,"51,219",250,488.1
Cherokee2017,Cherokee,2017,"52,182",225,431.2
Childress2017,Childress,2017,"7,281",44,604.3
Childress2016,Childress,2016,"7,196",43,597.6
Childress2018,Childress,2018,"7,291",32,438.9
Childress2015,Childress,2015,"7,167",23,320.9
Childress2014,Childress,2014,"7,194",16,222.4
Clay2016,Clay,2016,"10,249",24,234.2
Clay2017,Clay,2017,"10,495",20,190.6
Clay2014,Clay,2014,"10,377",20,192.7
Clay2015,Clay,2015,"10,357",17,164.1
Clay2018,Clay,2018,"10,456",15,143.5
Cochran2016,Cochran,2016,"2,910",11,378
Cochran2015,Cochran,2015,"2,975",10,336.1
Cochran2014,Cochran,2014,"2,944",10,339.7
Cochran2018,Cochran,2018,"2,836",8,282.1
Cochran2017,Cochran,2017,"2,853",8,280.4
Coke2017,Coke,2017,"3,303",14,423.9
Coke2018,Coke,2018,"3,370",13,385.8
Coke2016,Coke,2016,"3,261",9,276
Coke2014,Coke,2014,"3,215",6,186.6
Coke2015,Coke,2015,"3,227",0,0
Coleman2016,Coleman,2016,"8,412",30,356.6
Coleman2014,Coleman,2014,"8,417",26,308.9
Coleman2015,Coleman,2015,"8,316",21,252.5
Coleman2017,Coleman,2017,"8,415",18,213.9
Coleman2018,Coleman,2018,"8,397",13,154.8
Collin2017,Collin,2017,"971,393","2,919",300.5
Collin2018,Collin,2018,"1,005,146","2,860",284.5
Collin2016,Collin,2016,"943,719","2,810",297.8
Collin2015,Collin,2015,"915,665","2,309",252.2
Collin2014,Collin,2014,"885,827","2,096",236.6
Collingsworth2014,Collingsworth,2014,"3,016",9,298.4
Collingsworth2015,Collingsworth,2015,"3,013",8,265.5
Collingsworth2018,Collingsworth,2018,"2,962",0,0
Collingsworth2017,Collingsworth,2017,"2,978",,
Collingsworth2016,Collingsworth,2016,"3,013",,
Colorado2016,Colorado,2016,"21,030",90,428
Colorado2017,Colorado,2017,"21,228",82,386.3
Colorado2014,Colorado,2014,"20,705",80,386.4
Colorado2015,Colorado,2015,"20,929",78,372.7
Colorado2018,Colorado,2018,"21,217",72,339.4
Comal2017,Comal,2017,"140,790",552,392.1
Comal2016,Comal,2016,"134,346",552,410.9
Comal2018,Comal,2018,"148,373",519,349.8
Comal2015,Comal,2015,"128,783",431,334.7
Comal2014,Comal,2014,"123,195",301,244.3
Comanche2017,Comanche,2017,"13,547",48,354.3
Comanche2016,Comanche,2016,"13,531",44,325.2
Comanche2015,Comanche,2015,"13,389",37,276.3
Comanche2018,Comanche,2018,"13,534",29,214.3
Comanche2014,Comanche,2014,"13,475",25,185.5
Concho2015,Concho,2015,"4,175",10,239.5
Concho2017,Concho,2017,"4,311",9,208.8
Concho2016,Concho,2016,"4,297",9,209.4
Concho2018,Concho,2018,"4,276",,
Concho2014,Concho,2014,"4,104",,
Cooke2016,Cooke,2016,"39,355",129,327.8
Cooke2014,Cooke,2014,"38,771",127,327.6
Cooke2017,Cooke,2017,"39,984",122,305.1
Cooke2018,Cooke,2018,"40,574",114,281
Cooke2015,Cooke,2015,"39,173",110,280.8
Coryell2016,Coryell,2016,"74,879",405,540.9
Coryell2017,Coryell,2017,"74,883",379,506.1
Coryell2018,Coryell,2018,"74,808",364,486.6
Coryell2015,Coryell,2015,"76,197",363,476.4
Coryell2014,Coryell,2014,"76,178",356,467.3
Cottle2017,Cottle,2017,"1,381",12,868.9
Cottle2016,Cottle,2016,"1,402",10,713.3
Cottle2015,Cottle,2015,"1,439",9,625.4
Cottle2018,Cottle,2018,"1,389",5,360
Cottle2014,Cottle,2014,"1,429",,
Crane2016,Crane,2016,"4,783",17,355.4
Crane2015,Crane,2015,"5,002",14,279.9
Crane2017,Crane,2017,"4,713",13,275.8
Crane2014,Crane,2014,"4,904",12,244.7
Crane2018,Crane,2018,"4,794",8,166.9
Crockett2016,Crockett,2016,"3,647",19,521
Crockett2018,Crockett,2018,"3,499",15,428.7
Crockett2017,Crockett,2017,"3,555",10,281.3
Crockett2015,Crockett,2015,"3,738",9,240.8
Crockett2014,Crockett,2014,"3,790",7,184.7
Crosby2014,Crosby,2014,"5,825",32,549.4
Crosby2016,Crosby,2016,"5,912",24,406
Crosby2017,Crosby,2017,"5,872",19,323.6
Crosby2018,Crosby,2018,"5,779",17,294.2
Crosby2015,Crosby,2015,"5,917",16,270.4
Culberson2014,Culberson,2014,"2,283",11,481.8
Culberson2016,Culberson,2016,"2,224",9,404.7
Culberson2018,Culberson,2018,"2,204",7,317.6
Culberson2017,Culberson,2017,"2,237",7,312.9
Culberson2015,Culberson,2015,"2,256",7,310.3
Dallam2016,Dallam,2016,"7,293",36,493.6
Dallam2015,Dallam,2015,"7,288",31,425.4
Dallam2018,Dallam,2018,"7,200",26,361.1
Dallam2017,Dallam,2017,"7,211",24,332.8
Dallam2014,Dallam,2014,"7,224",18,249.2
Dallas2017,Dallas,2017,"2,622,799","19,084",727.6
Dallas2018,Dallas,2018,"2,637,772","19,017",720.9
Dallas2014,Dallas,2014,"2,520,434","17,178",681.5
Dallas2016,Dallas,2016,"2,592,844","15,780",608.6
Dallas2015,Dallas,2015,"2,558,913","15,372",600.7
Dawson2018,Dawson,2018,"12,619",60,475.5
Dawson2014,Dawson,2014,"13,448",60,446.2
Dawson2015,Dawson,2015,"12,990",50,384.9
Dawson2017,Dawson,2017,"12,766",47,368.2
Dawson2016,Dawson,2016,"12,998",41,315.4
DeWitt2016,DeWitt,2016,"20,626",124,601.2
DeWitt2015,DeWitt,2015,"20,634",120,581.6
DeWitt2018,DeWitt,2018,"20,187",102,505.3
DeWitt2017,DeWitt,2017,"20,208",89,440.4
DeWitt2014,DeWitt,2014,"20,521",70,341.1
Deaf Smith2014,Deaf Smith,2014,"19,139",94,491.1
Deaf Smith2018,Deaf Smith,2018,"18,760",92,490.4
Deaf Smith2016,Deaf Smith,2016,"18,894",86,455.2
Deaf Smith2015,Deaf Smith,2015,"18,851",84,445.6
Deaf Smith2017,Deaf Smith,2017,"18,851",71,376.6
Delta2017,Delta,2017,"5,286",21,397.3
Delta2014,Delta,2014,"5,140",18,350.2
Delta2018,Delta,2018,"5,349",16,299.1
Delta2016,Delta,2016,"5,145",16,311
Delta2015,Delta,2015,"5,157",9,174.5
Denton2017,Denton,2017,"835,330","2,420",289.7
Denton2018,Denton,2018,"859,064","2,397",279
Denton2016,Denton,2016,"807,883","2,237",276.9
Denton2015,Denton,2015,"779,528","2,206",283
Denton2014,Denton,2014,"753,429","2,076",275.5
Dickens2018,Dickens,2018,"2,249",,
Dickens2017,Dickens,2017,"2,207",,
Dickens2016,Dickens,2016,"2,201",,
Dickens2015,Dickens,2015,"2,208",,
Dickens2014,Dickens,2014,"2,215",,
Dimmit2016,Dimmit,2016,"10,722",100,932.7
Dimmit2017,Dimmit,2017,"10,346",83,802.2
Dimmit2018,Dimmit,2018,"10,308",80,776.1
Dimmit2015,Dimmit,2015,"10,939",75,685.6
Dimmit2014,Dimmit,2014,"10,999",57,518.2
Donley2016,Donley,2016,"3,389",13,383.6
Donley2018,Donley,2018,"3,319",8,241
Donley2015,Donley,2015,"3,392",6,176.9
Donley2017,Donley,2017,"3,351",5,149.2
Donley2014,Donley,2014,"3,484",,
Duval2018,Duval,2018,"11,212",193,1721.4
Duval2017,Duval,2017,"11,272",179,1588
Duval2016,Duval,2016,"11,429",173,1513.7
Duval2015,Duval,2015,"11,342",83,731.8
Duval2014,Duval,2014,"11,519",78,677.1
Eastland2015,Eastland,2015,"18,165",48,264.2
Eastland2016,Eastland,2016,"18,261",45,246.4
Eastland2017,Eastland,2017,"18,342",43,234.4
Eastland2018,Eastland,2018,"18,322",39,212.9
Eastland2014,Eastland,2014,"18,262",29,158.8
Ector2014,Ector,2014,"154,674","1,069",691.1
Ector2015,Ector,2015,"159,933","1,067",667.2
Ector2016,Ector,2016,"157,805",947,600.1
Ector2017,Ector,2017,"157,173",874,556.1
Ector2018,Ector,2018,"162,124",820,505.8
Edwards2015,Edwards,2015,"1,912",8,418.4
Edwards2017,Edwards,2017,"1,941",7,360.6
Edwards2018,Edwards,2018,"1,928",,
Edwards2016,Edwards,2016,"1,912",,
Edwards2014,Edwards,2014,"1,904",,
El Paso2018,El Paso,2018,"840,758","5,699",677.8
El Paso2014,El Paso,2014,"834,992","4,955",593.4
El Paso2015,El Paso,2015,"833,961","4,514",541.3
El Paso2017,El Paso,2017,"840,545","4,262",507.1
El Paso2016,El Paso,2016,"838,014","3,517",419.7
Ellis2018,Ellis,2018,"179,436",683,380.6
Ellis2015,Ellis,2015,"163,391",590,361.1
Ellis2016,Ellis,2016,"168,467",585,347.2
Ellis2017,Ellis,2017,"173,636",555,319.6
Ellis2014,Ellis,2014,"159,259",488,306.4
Erath2017,Erath,2017,"41,862",271,647.4
Erath2018,Erath,2018,"42,446",259,610.2
Erath2016,Erath,2016,"41,376",257,621.1
Erath2015,Erath,2015,"41,195",191,463.6
Erath2014,Erath,2014,"40,532",176,434.2
Falls2014,Falls,2014,"17,214",97,563.5
Falls2016,Falls,2016,"17,311",93,537.2
Falls2015,Falls,2015,"17,231",89,516.5
Falls2018,Falls,2018,"17,335",76,438.4
Falls2017,Falls,2017,"17,403",76,436.7
Fannin2018,Fannin,2018,"35,286",90,255.1
Fannin2014,Fannin,2014,"33,598",90,267.9
Fannin2016,Fannin,2016,"33,919",84,247.6
Fannin2017,Fannin,2017,"34,572",83,240.1
Fannin2015,Fannin,2015,"33,500",61,182.1
Fayette2016,Fayette,2016,"25,051",101,403.2
Fayette2017,Fayette,2017,"25,176",99,393.2
Fayette2018,Fayette,2018,"25,349",93,366.9
Fayette2015,Fayette,2015,"24,964",62,248.4
Fayette2014,Fayette,2014,"24,792",53,213.8
Fisher2015,Fisher,2015,"3,893",18,462.4
Fisher2016,Fisher,2016,"3,894",16,410.9
Fisher2014,Fisher,2014,"3,887",15,385.9
Fisher2017,Fisher,2017,"3,904",11,281.8
Fisher2018,Fisher,2018,"3,839",10,260.5
Floyd2017,Floyd,2017,"5,864",24,409.3
Floyd2016,Floyd,2016,"5,863",20,341.1
Floyd2018,Floyd,2018,"5,837",19,325.5
Floyd2014,Floyd,2014,"5,947",19,319.5
Floyd2015,Floyd,2015,"5,851",15,256.4
Foard2016,Foard,2016,"1,201",0,0
Foard2018,Foard,2018,"1,200",,
Foard2017,Foard,2017,"1,206",,
Foard2015,Foard,2015,"1,226",,
Foard2014,Foard,2014,"1,276",,
Fort Bend2018,Fort Bend,2018,"787,858","3,221",408.8
Fort Bend2017,Fort Bend,2017,"766,136","2,849",371.9
Fort Bend2016,Fort Bend,2016,"743,303","2,720",365.9
Fort Bend2015,Fort Bend,2015,"715,067","2,044",285.8
Fort Bend2014,Fort Bend,2014,"684,345","1,425",208.2
Franklin2016,Franklin,2016,"10,673",57,534.1
Franklin2018,Franklin,2018,"10,766",36,334.4
Franklin2017,Franklin,2017,"10,780",35,324.7
Franklin2014,Franklin,2014,"10,568",35,331.2
Franklin2015,Franklin,2015,"10,606",33,311.1
Freestone2016,Freestone,2016,"19,663",62,315.3
Freestone2014,Freestone,2014,"19,674",54,274.5
Freestone2017,Freestone,2017,"19,654",48,244.2
Freestone2018,Freestone,2018,"19,808",45,227.2
Freestone2015,Freestone,2015,"19,745",41,207.6
Frio2018,Frio,2018,"19,816",164,827.6
Frio2014,Frio,2014,"18,946",103,543.7
Frio2017,Frio,2017,"19,564",101,516.3
Frio2016,Frio,2016,"19,373",101,521.3
Frio2015,Frio,2015,"19,269",93,482.6
Gaines2014,Gaines,2014,"19,350",51,263.6
Gaines2018,Gaines,2018,"20,901",40,191.4
Gaines2015,Gaines,2015,"20,241",39,192.7
Gaines2017,Gaines,2017,"20,635",38,184.2
Gaines2016,Gaines,2016,"20,480",35,170.9
Galveston2017,Galveston,2017,"334,304","1,646",492.4
Galveston2018,Galveston,2018,"337,890","1,556",460.5
Galveston2016,Galveston,2016,"328,822","1,531",465.6
Galveston2015,Galveston,2015,"321,003","1,451",452
Galveston2014,Galveston,2014,"313,426","1,364",435.2
Garza2015,Garza,2015,"6,418",33,514.2
Garza2014,Garza,2014,"6,456",32,495.7
Garza2016,Garza,2016,"6,504",26,399.8
Garza2017,Garza,2017,"6,559",22,335.4
Garza2018,Garza,2018,"6,578",20,304
Gillespie2016,Gillespie,2016,"26,259",122,464.6
Gillespie2017,Gillespie,2017,"26,530",97,365.6
Gillespie2015,Gillespie,2015,"25,954",86,331.4
Gillespie2018,Gillespie,2018,"26,804",59,220.1
Gillespie2014,Gillespie,2014,"25,495",53,207.9
Glasscock2014,Glasscock,2014,"1,327",0,0
Glasscock2018,Glasscock,2018,"1,388",,
Glasscock2017,Glasscock,2017,"1,360",,
Glasscock2016,Glasscock,2016,"1,363",,
Glasscock2015,Glasscock,2015,"1,379",,
Goliad2016,Goliad,2016,"7,506",54,719.4
Goliad2015,Goliad,2015,"7,510",51,679.1
Goliad2017,Goliad,2017,"7,548",31,410.7
Goliad2018,Goliad,2018,"7,584",21,276.9
Goliad2014,Goliad,2014,"7,505",13,173.2
Gonzales2014,Gonzales,2014,"20,366",102,500.8
Gonzales2018,Gonzales,2018,"20,826",80,384.1
Gonzales2015,Gonzales,2015,"20,532",79,384.8
Gonzales2017,Gonzales,2017,"20,796",47,226
Gonzales2016,Gonzales,2016,"20,817",42,201.8
Gray2016,Gray,2016,"22,721",83,365.3
Gray2017,Gray,2017,"22,121",80,361.6
Gray2015,Gray,2015,"23,251",74,318.3
Gray2014,Gray,2014,"23,435",67,285.9
Gray2018,Gray,2018,"21,895",63,287.7
Grayson2016,Grayson,2016,"128,331",515,401.3
Grayson2017,Grayson,2017,"131,214",464,353.6
Grayson2018,Grayson,2018,"133,991",463,345.5
Grayson2015,Grayson,2015,"125,647",405,322.3
Grayson2014,Grayson,2014,"123,615",384,310.6
Gregg2016,Gregg,2016,"123,551","1,006",814.2
Gregg2014,Gregg,2014,"123,174",977,793.2
Gregg2018,Gregg,2018,"123,707",892,721.1
Gregg2015,Gregg,2015,"123,915",887,715.8
Gregg2017,Gregg,2017,"123,123",850,690.4
Grimes2015,Grimes,2015,"27,305",136,498.1
Grimes2014,Grimes,2014,"27,003",136,503.6
Grimes2017,Grimes,2017,"27,977",128,457.5
Grimes2016,Grimes,2016,"27,505",118,429
Grimes2018,Grimes,2018,"28,360",108,380.8
Guadalupe2018,Guadalupe,2018,"163,694",433,264.5
Guadalupe2014,Guadalupe,2014,"146,848",373,254
Guadalupe2015,Guadalupe,2015,"150,665",362,240.3
Guadalupe2017,Guadalupe,2017,"159,841",351,219.6
Guadalupe2016,Guadalupe,2016,"154,638",314,203.1
Hale2016,Hale,2016,"34,163",181,529.8
Hale2018,Hale,2018,"33,830",180,532.1
Hale2014,Hale,2014,"34,463",178,516.5
Hale2015,Hale,2015,"34,066",171,502
Hale2017,Hale,2017,"34,044",161,472.9
Hall2018,Hall,2018,"3,028",11,363.3
Hall2017,Hall,2017,"3,059",11,359.6
Hall2016,Hall,2016,"3,115",11,353.1
Hall2014,Hall,2014,"3,074",11,357.8
Hall2015,Hall,2015,"3,096",6,193.8
Hamilton2014,Hamilton,2014,"8,159",23,281.9
Hamilton2017,Hamilton,2017,"8,394",19,226.4
Hamilton2018,Hamilton,2018,"8,484",16,188.6
Hamilton2016,Hamilton,2016,"8,231",16,194.4
Hamilton2015,Hamilton,2015,"8,079",15,185.7
Hansford2017,Hansford,2017,"5,483",16,291.8
Hansford2016,Hansford,2016,"5,580",14,250.9
Hansford2018,Hansford,2018,"5,463",10,183
Hansford2015,Hansford,2015,"5,647",9,159.4
Hansford2014,Hansford,2014,"5,562",8,143.8
Hardeman2018,Hardeman,2018,"3,922",21,535.4
Hardeman2015,Hardeman,2015,"3,915",12,306.5
Hardeman2017,Hardeman,2017,"3,964",10,252.3
Hardeman2016,Hardeman,2016,"3,969",10,252
Hardeman2014,Hardeman,2014,"3,991",8,200.5
Hardin2015,Hardin,2015,"55,761",137,245.7
Hardin2016,Hardin,2016,"56,260",119,211.5
Hardin2017,Hardin,2017,"57,159",118,206.4
Hardin2018,Hardin,2018,"57,207",117,204.5
Hardin2014,Hardin,2014,"55,508",101,182
Harris2018,Harris,2018,"4,698,619","27,415",583.5
Harris2016,Harris,2016,"4,629,189","27,408",592.1
Harris2017,Harris,2017,"4,664,159","26,540",569
Harris2015,Harris,2015,"4,561,939","26,231",575
Harris2014,Harris,2014,"4,458,709","25,032",561.4
Harrison2016,Harrison,2016,"66,640",332,498.2
Harrison2017,Harrison,2017,"66,540",288,432.8
Harrison2018,Harrison,2018,"66,726",286,428.6
Harrison2014,Harrison,2014,"66,610",283,424.9
Harrison2015,Harrison,2015,"66,710",272,407.7
Hartley2018,Hartley,2018,"5,619",,
Hartley2017,Hartley,2017,"5,721",,
Hartley2016,Hartley,2016,"5,737",,
Hartley2015,Hartley,2015,"5,700",,
Hartley2014,Hartley,2014,"6,056",,
Haskell2016,Haskell,2016,"5,796",19,327.8
Haskell2014,Haskell,2014,"5,809",16,275.4
Haskell2017,Haskell,2017,"5,783",13,224.8
Haskell2018,Haskell,2018,"5,813",11,189.2
Haskell2015,Haskell,2015,"5,843",11,188.3
Hays2017,Hays,2017,"214,277","1,331",621.2
Hays2016,Hays,2016,"204,358","1,261",617.1
Hays2018,Hays,2018,"222,631","1,168",524.6
Hays2014,Hays,2014,"184,895","1,101",595.5
Hays2015,Hays,2015,"194,591","1,070",549.9
Hemphill2014,Hemphill,2014,"4,164",20,480.3
Hemphill2018,Hemphill,2018,"3,825",7,183
Hemphill2017,Hemphill,2017,"3,945",6,152.1
Hemphill2015,Hemphill,2015,"4,273",6,140.4
Hemphill2016,Hemphill,2016,"4,098",,
Henderson2017,Henderson,2017,"81,061",266,328.1
Henderson2018,Henderson,2018,"82,299",265,322
Henderson2016,Henderson,2016,"80,129",245,305.8
Henderson2014,Henderson,2014,"79,302",239,301.4
Henderson2015,Henderson,2015,"79,507",224,281.7
Hidalgo2017,Hidalgo,2017,"858,323","3,806",443.4
Hidalgo2016,Hidalgo,2016,"850,798","3,700",434.9
Hidalgo2014,Hidalgo,2014,"830,824","3,621",435.8
Hidalgo2018,Hidalgo,2018,"865,939","3,387",391.1
Hidalgo2015,Hidalgo,2015,"841,061","3,347",397.9
Hill2015,Hill,2015,"34,871",144,413
Hill2014,Hill,2014,"34,776",121,347.9
Hill2016,Hill,2016,"35,173",97,275.8
Hill2018,Hill,2018,"36,354",95,261.3
Hill2017,Hill,2017,"35,819",94,262.4
Hockley2018,Hockley,2018,"22,980",154,670.1
Hockley2015,Hockley,2015,"23,317",146,626.2
Hockley2014,Hockley,2014,"23,469",121,515.6
Hockley2017,Hockley,2017,"22,995",120,521.9
Hockley2016,Hockley,2016,"23,048",103,446.9
Hood2018,Hood,2018,"60,537",163,269.3
Hood2016,Hood,2016,"56,703",152,268.1
Hood2017,Hood,2017,"58,154",140,240.7
Hood2014,Hood,2014,"53,820",134,249
Hood2015,Hood,2015,"55,290",116,209.8
Hopkins2016,Hopkins,2016,"36,212",173,477.7
Hopkins2015,Hopkins,2015,"35,990",144,400.1
Hopkins2017,Hopkins,2017,"36,493",142,389.1
Hopkins2018,Hopkins,2018,"36,810",137,372.2
Hopkins2014,Hopkins,2014,"35,696",108,302.6
Houston2016,Houston,2016,"22,915",72,314.2
Houston2018,Houston,2018,"23,169",69,297.8
Houston2017,Houston,2017,"23,116",67,289.8
Houston2015,Houston,2015,"22,758",66,290
Houston2014,Houston,2014,"22,815",64,280.5
Howard2015,Howard,2015,"37,282",190,509.6
Howard2016,Howard,2016,"36,792",183,497.4
Howard2014,Howard,2014,"36,602",164,448.1
Howard2017,Howard,2017,"36,198",143,395
Howard2018,Howard,2018,"36,459",141,386.7
Hudspeth2016,Hudspeth,2016,"4,246",9,212
Hudspeth2018,Hudspeth,2018,"4,795",8,166.8
Hudspeth2017,Hudspeth,2017,"4,600",8,173.9
Hudspeth2014,Hudspeth,2014,"3,308",7,211.6
Hudspeth2015,Hudspeth,2015,"3,539",,
Hunt2016,Hunt,2016,"91,943",438,476.4
Hunt2017,Hunt,2017,"93,927",422,449.3
Hunt2018,Hunt,2018,"96,493",401,415.6
Hunt2014,Hunt,2014,"88,679",384,433
Hunt2015,Hunt,2015,"89,719",378,421.3
Hutchinson2015,Hutchinson,2015,"21,810",93,426.4
Hutchinson2016,Hutchinson,2016,"21,562",82,380.3
Hutchinson2017,Hutchinson,2017,"21,362",81,379.2
Hutchinson2014,Hutchinson,2014,"21,921",63,287.4
Hutchinson2018,Hutchinson,2018,"21,198",62,292.5
Irion2017,Irion,2017,"1,511",5,330.9
Irion2016,Irion,2016,"1,562",0,0
Irion2018,Irion,2018,"1,522",,
Irion2015,Irion,2015,"1,543",,
Irion2014,Irion,2014,"1,574",,
Jack2018,Jack,2018,"8,843",46,520.2
Jack2016,Jack,2016,"8,779",37,421.5
Jack2017,Jack,2017,"8,821",34,385.4
Jack2015,Jack,2015,"8,883",23,258.9
Jack2014,Jack,2014,"8,885",10,112.5
Jackson2015,Jackson,2015,"14,810",48,324.1
Jackson2016,Jackson,2016,"14,874",44,295.8
Jackson2017,Jackson,2017,"14,818",39,263.2
Jackson2018,Jackson,2018,"14,874",37,248.8
Jackson2014,Jackson,2014,"14,726",32,217.3
Jasper2014,Jasper,2014,"35,421",147,415
Jasper2015,Jasper,2015,"35,260",140,397.1
Jasper2018,Jasper,2018,"35,872",138,384.7
Jasper2017,Jasper,2017,"35,550",125,351.6
Jasper2016,Jasper,2016,"35,416",124,350.1
Jeff Davis2014,Jeff Davis,2014,"2,217",7,315.7
Jeff Davis2018,Jeff Davis,2018,"2,252",5,222
Jeff Davis2017,Jeff Davis,2017,"2,271",,
Jeff Davis2016,Jeff Davis,2016,"2,232",,
Jeff Davis2015,Jeff Davis,2015,"2,199",,
Jefferson2017,Jefferson,2017,"256,591","1,553",605.2
Jefferson2015,Jefferson,2015,"255,232","1,484",581.4
Jefferson2018,Jefferson,2018,"255,001","1,476",578.8
Jefferson2016,Jefferson,2016,"256,311","1,458",568.8
Jefferson2014,Jefferson,2014,"252,915","1,232",487.1
Jim Hogg2015,Jim Hogg,2015,"5,307",24,452.2
Jim Hogg2016,Jim Hogg,2016,"5,275",23,436
Jim Hogg2017,Jim Hogg,2017,"5,245",22,419.4
Jim Hogg2018,Jim Hogg,2018,"5,248",20,381.1
Jim Hogg2014,Jim Hogg,2014,"5,334",12,225
Jim Wells2014,Jim Wells,2014,"41,503",217,522.9
Jim Wells2015,Jim Wells,2015,"41,526",155,373.3
Jim Wells2016,Jim Wells,2016,"41,181",80,194.3
Jim Wells2017,Jim Wells,2017,"40,930",64,156.4
Jim Wells2018,Jim Wells,2018,"40,822",58,142.1
Johnson2018,Johnson,2018,"171,361",552,322.1
Johnson2015,Johnson,2015,"159,368",539,338.2
Johnson2017,Johnson,2017,"167,101",468,280.1
Johnson2016,Johnson,2016,"162,793",460,282.6
Johnson2014,Johnson,2014,"156,754",418,266.7
Jones2015,Jones,2015,"19,972",55,275.4
Jones2017,Jones,2017,"19,852",32,161.2
Jones2014,Jones,2014,"19,846",30,151.2
Jones2018,Jones,2018,"19,817",20,100.9
Jones2016,Jones,2016,"19,969",16,80.1
Karnes2014,Karnes,2014,"14,913",55,368.8
Karnes2018,Karnes,2018,"15,650",36,230
Karnes2015,Karnes,2015,"15,400",33,214.3
Karnes2017,Karnes,2017,"15,516",28,180.5
Karnes2016,Karnes,2016,"15,456",20,129.4
Kaufman2018,Kaufman,2018,"128,622",493,383.3
Kaufman2017,Kaufman,2017,"122,845",457,372
Kaufman2016,Kaufman,2016,"118,030",384,325.3
Kaufman2015,Kaufman,2015,"114,140",363,318
Kaufman2014,Kaufman,2014,"110,913",283,255.2
Kendall2014,Kendall,2014,"38,402",89,231.8
Kendall2015,Kendall,2015,"39,965",74,185.2
Kendall2018,Kendall,2018,"45,641",64,140.2
Kendall2017,Kendall,2017,"43,984",42,95.5
Kendall2016,Kendall,2016,"41,919",41,97.8
Kenedy2016,Kenedy,2016,434,0,0
Kenedy2015,Kenedy,2015,440,0,0
Kenedy2014,Kenedy,2014,437,0,0
Kenedy2018,Kenedy,2018,442,,
Kenedy2017,Kenedy,2017,422,,
Kent2014,Kent,2014,748,0,0
Kent2018,Kent,2018,726,,
Kent2017,Kent,2017,760,,
Kent2016,Kent,2016,748,,
Kent2015,Kent,2015,747,,
Kerr2014,Kerr,2014,"50,334",119,236.4
Kerr2018,Kerr,2018,"52,405",92,175.6
Kerr2015,Kerr,2015,"50,854",69,135.7
Kerr2017,Kerr,2017,"51,850",65,125.4
Kerr2016,Kerr,2016,"51,384",55,107
Kimble2016,Kimble,2016,"4,415",17,385.1
Kimble2017,Kimble,2017,"4,406",14,317.7
Kimble2014,Kimble,2014,"4,466",11,246.3
Kimble2018,Kimble,2018,"4,362",9,206.3
Kimble2015,Kimble,2015,"4,393",9,204.9
King2018,King,2018,277,0,0
King2016,King,2016,291,0,0
King2015,King,2015,281,0,0
King2014,King,2014,263,0,0
King2017,King,2017,289,,
Kinney2015,Kinney,2015,"3,608",11,304.9
Kinney2014,Kinney,2014,"3,555",9,253.2
Kinney2018,Kinney,2018,"3,767",6,159.3
Kinney2016,Kinney,2016,"3,670",5,136.2
Kinney2017,Kinney,2017,"3,775",,
Kleberg2018,Kleberg,2018,"31,129",252,809.5
Kleberg2016,Kleberg,2016,"31,447",247,785.4
Kleberg2015,Kleberg,2015,"31,487",228,724.1
Kleberg2017,Kleberg,2017,"31,152",222,712.6
Kleberg2014,Kleberg,2014,"31,910",186,582.9
Knox2014,Knox,2014,"3,802",12,315.6
Knox2016,Knox,2016,"3,733",11,294.7
Knox2015,Knox,2015,"3,794",7,184.5
Knox2018,Knox,2018,"3,653",6,164.2
Knox2017,Knox,2017,"3,683",5,135.8
La Salle2017,La Salle,2017,"7,567",24,317.2
La Salle2015,La Salle,2015,"7,650",23,300.7
La Salle2016,La Salle,2016,"7,611",17,223.4
La Salle2014,La Salle,2014,"7,486",16,213.7
La Salle2018,La Salle,2018,"7,531",15,199.2
Lamar2018,Lamar,2018,"49,728",317,637.5
Lamar2017,Lamar,2017,"49,597",311,627.1
Lamar2016,Lamar,2016,"49,536",300,605.6
Lamar2014,Lamar,2014,"49,417",259,524.1
Lamar2015,Lamar,2015,"49,380",200,405
Lamb2018,Lamb,2018,"13,158",60,456
Lamb2016,Lamb,2016,"13,205",58,439.2
Lamb2017,Lamb,2017,"13,198",52,394
Lamb2015,Lamb,2015,"13,265",50,376.9
Lamb2014,Lamb,2014,"13,484",42,311.5
Lampasas2017,Lampasas,2017,"20,919",109,521.1
Lampasas2014,Lampasas,2014,"20,113",88,437.5
Lampasas2016,Lampasas,2016,"20,560",86,418.3
Lampasas2015,Lampasas,2015,"20,379",72,353.3
Lampasas2018,Lampasas,2018,"21,229",64,301.5
Lavaca2018,Lavaca,2018,"20,110",44,218.8
Lavaca2014,Lavaca,2014,"19,783",39,197.1
Lavaca2017,Lavaca,2017,"20,019",32,159.8
Lavaca2016,Lavaca,2016,"19,875",32,161
Lavaca2015,Lavaca,2015,"19,916",26,130.5
Lee2015,Lee,2015,"16,873",43,254.8
Lee2014,Lee,2014,"16,626",39,234.6
Lee2016,Lee,2016,"16,976",28,164.9
Lee2018,Lee,2018,"17,144",23,134.2
Lee2017,Lee,2017,"17,139",23,134.2
Leon2016,Leon,2016,"17,200",56,325.6
Leon2014,Leon,2014,"16,737",53,316.7
Leon2018,Leon,2018,"17,270",48,277.9
Leon2017,Leon,2017,"17,249",45,260.9
Leon2015,Leon,2015,"17,034",45,264.2
Liberty2018,Liberty,2018,"86,323",392,454.1
Liberty2016,Liberty,2016,"81,513",314,385.2
Liberty2017,Liberty,2017,"83,809",309,368.7
Liberty2015,Liberty,2015,"79,611",245,307.7
Liberty2014,Liberty,2014,"78,056",243,311.3
Limestone2014,Limestone,2014,"23,538",103,437.6
Limestone2015,Limestone,2015,"23,475",91,387.6
Limestone2016,Limestone,2016,"23,527",86,365.5
Limestone2018,Limestone,2018,"23,519",63,267.9
Limestone2017,Limestone,2017,"23,517",59,250.9
Lipscomb2015,Lipscomb,2015,"3,563",7,196.5
Lipscomb2018,Lipscomb,2018,"3,355",,
Lipscomb2017,Lipscomb,2017,"3,376",,
Lipscomb2016,Lipscomb,2016,"3,499",,
Lipscomb2014,Lipscomb,2014,"3,553",,
Live Oak2017,Live Oak,2017,"12,185",85,697.6
Live Oak2018,Live Oak,2018,"12,166",79,649.4
Live Oak2016,Live Oak,2016,"12,029",64,532
Live Oak2015,Live Oak,2015,"12,177",35,287.4
Live Oak2014,Live Oak,2014,"12,057",31,257.1
Llano2014,Llano,2014,"19,662",34,172.9
Llano2015,Llano,2015,"20,083",26,129.5
Llano2016,Llano,2016,"20,606",20,97.1
Llano2018,Llano,2018,"21,646",17,78.5
Llano2017,Llano,2017,"21,205",12,56.6
Loving2018,Loving,2018,152,0,0
Loving2017,Loving,2017,136,0,0
Loving2015,Loving,2015,119,0,0
Loving2014,Loving,2014,89,0,0
Loving2016,Loving,2016,117,,
Lubbock2018,Lubbock,2018,"307,412","2,536",825
Lubbock2017,Lubbock,2017,"304,875","2,365",775.7
Lubbock2016,Lubbock,2016,"302,129","2,161",715.3
Lubbock2015,Lubbock,2015,"298,365","2,058",689.8
Lubbock2014,Lubbock,2014,"294,488","1,988",675.1
Lynn2015,Lynn,2015,"5,747",29,504.6
Lynn2016,Lynn,2016,"5,775",18,311.7
Lynn2014,Lynn,2014,"5,799",17,293.2
Lynn2017,Lynn,2017,"5,841",14,239.7
Lynn2018,Lynn,2018,"5,877",11,187.2
Madison2014,Madison,2014,"13,869",72,519.1
Madison2015,Madison,2015,"13,970",63,451
Madison2016,Madison,2016,"14,122",54,382.4
Madison2017,Madison,2017,"14,255",43,301.6
Madison2018,Madison,2018,"14,422",39,270.4
Marion2016,Marion,2016,"10,124",41,405
Marion2018,Marion,2018,"9,928",37,372.7
Marion2017,Marion,2017,"10,073",31,307.8
Marion2015,Marion,2015,"10,135",30,296
Marion2014,Marion,2014,"10,153",24,236.4
Martin2017,Martin,2017,"5,562",19,341.6
Martin2018,Martin,2018,"5,753",13,226
Martin2016,Martin,2016,"5,638",12,212.8
Martin2014,Martin,2014,"5,462",10,183.1
Martin2015,Martin,2015,"5,653",8,141.5
Mason2018,Mason,2018,"4,280",6,140.2
Mason2015,Mason,2015,"4,058",6,147.9
Mason2017,Mason,2017,"4,203",,
Mason2016,Mason,2016,"4,167",,
Mason2014,Mason,2014,"4,096",,
Matagorda2014,Matagorda,2014,"36,501",120,328.8
Matagorda2016,Matagorda,2016,"37,076",114,307.5
Matagorda2018,Matagorda,2018,"36,552",113,309.1
Matagorda2017,Matagorda,2017,"36,811",112,304.3
Matagorda2015,Matagorda,2015,"36,775",107,291
Maverick2016,Maverick,2016,"58,134",299,514.3
Maverick2015,Maverick,2015,"57,806",292,505.1
Maverick2017,Maverick,2017,"58,227",276,474
Maverick2014,Maverick,2014,"57,197",273,477.3
Maverick2018,Maverick,2018,"58,485",245,418.9
McCulloch2017,McCulloch,2017,"7,960",30,376.9
McCulloch2018,McCulloch,2018,"7,987",26,325.5
McCulloch2015,McCulloch,2015,"8,259",25,302.7
McCulloch2016,McCulloch,2016,"8,127",21,258.4
McCulloch2014,McCulloch,2014,"8,157",21,257.4
McLennan2017,McLennan,2017,"251,147","1,981",788.8
McLennan2018,McLennan,2018,"254,607","1,895",744.3
McLennan2016,McLennan,2016,"247,649","1,886",761.6
McLennan2015,McLennan,2015,"245,523","1,622",660.6
McLennan2014,McLennan,2014,"243,220","1,452",597
McMullen2018,McMullen,2018,749,,
McMullen2017,McMullen,2017,785,,
McMullen2016,McMullen,2016,820,,
McMullen2015,McMullen,2015,835,,
McMullen2014,McMullen,2014,800,,
Medina2017,Medina,2017,"50,210",114,227
Medina2014,Medina,2014,"47,839",114,238.3
Medina2018,Medina,2018,"50,921",103,202.3
Medina2016,Medina,2016,"49,280",95,192.8
Medina2015,Medina,2015,"48,419",88,181.7
Menard2018,Menard,2018,"2,139",11,514.3
Menard2016,Menard,2016,"2,093",0,0
Menard2017,Menard,2017,"2,121",,
Menard2015,Menard,2015,"2,134",,
Menard2014,Menard,2014,"2,128",,
Midland2014,Midland,2014,"156,787",916,584.2
Midland2017,Midland,2017,"165,386",909,549.6
Midland2016,Midland,2016,"163,862",896,546.8
Midland2015,Midland,2015,"162,359",856,527.2
Midland2018,Midland,2018,"172,578",829,480.4
Milam2017,Milam,2017,"24,985",135,540.3
Milam2015,Milam,2015,"24,370",134,549.9
Milam2018,Milam,2018,"25,131",128,509.3
Milam2016,Milam,2016,"24,691",127,514.4
Milam2014,Milam,2014,"24,145",127,526
Mills2014,Mills,2014,"4,871",13,266.9
Mills2015,Mills,2015,"4,889",12,245.4
Mills2017,Mills,2017,"4,937",8,162
Mills2018,Mills,2018,"4,921",6,121.9
Mills2016,Mills,2016,"4,890",6,122.7
Mitchell2015,Mitchell,2015,"8,864",32,361
Mitchell2014,Mitchell,2014,"9,074",26,286.5
Mitchell2018,Mitchell,2018,"8,145",25,306.9
Mitchell2016,Mitchell,2016,"8,477",25,294.9
Mitchell2017,Mitchell,2017,"8,232",24,291.5
Montague2014,Montague,2014,"19,368",40,206.5
Montague2016,Montague,2016,"19,396",33,170.1
Montague2015,Montague,2015,"19,257",32,166.2
Montague2018,Montague,2018,"19,596",28,142.9
Montague2017,Montague,2017,"19,429",27,139
Montgomery2018,Montgomery,2018,"590,925","1,595",269.9
Montgomery2017,Montgomery,2017,"572,146","1,515",264.8
Montgomery2016,Montgomery,2016,"555,703","1,453",261.5
Montgomery2015,Montgomery,2015,"536,124","1,274",237.6
Montgomery2014,Montgomery,2014,"517,328","1,024",197.9
Moore2018,Moore,2018,"21,485",109,507.3
Moore2015,Moore,2015,"21,825",83,380.3
Moore2017,Moore,2017,"21,878",82,374.8
Moore2014,Moore,2014,"22,006",72,327.2
Moore2016,Moore,2016,"21,810",66,302.6
Morris2016,Morris,2016,"12,426",56,450.7
Morris2014,Morris,2014,"12,606",52,412.5
Morris2017,Morris,2017,"12,381",51,411.9
Morris2018,Morris,2018,"12,339",41,332.3
Morris2015,Morris,2015,"12,369",36,291.1
Motley2015,Motley,2015,"1,146",0,0
Motley2018,Motley,2018,"1,234",,
Motley2017,Motley,2017,"1,229",,
Motley2016,Motley,2016,"1,169",,
Motley2014,Motley,2014,"1,149",,
Nacogdoches2016,Nacogdoches,2016,"65,693",580,882.9
Nacogdoches2018,Nacogdoches,2018,"65,711",510,776.1
Nacogdoches2017,Nacogdoches,2017,"65,599",502,765.3
Nacogdoches2014,Nacogdoches,2014,"65,248",473,724.9
Nacogdoches2015,Nacogdoches,2015,"65,538",402,613.4
Navarro2016,Navarro,2016,"48,417",254,524.6
Navarro2017,Navarro,2017,"48,779",245,502.3
Navarro2015,Navarro,2015,"48,209",241,499.9
Navarro2014,Navarro,2014,"47,947",204,425.5
Navarro2018,Navarro,2018,"49,565",195,393.4
Newton2016,Newton,2016,"14,159",35,247.2
Newton2015,Newton,2015,"14,159",31,218.9
Newton2018,Newton,2018,"13,746",29,211
Newton2017,Newton,2017,"13,930",27,193.8
Newton2014,Newton,2014,"14,292",24,167.9
Nolan2018,Nolan,2018,"14,751",130,881.3
Nolan2016,Nolan,2016,"15,015",106,706
Nolan2014,Nolan,2014,"15,128",101,667.6
Nolan2017,Nolan,2017,"14,837",91,613.3
Nolan2015,Nolan,2015,"15,100",71,470.2
Nueces2018,Nueces,2018,"362,265","2,734",754.7
Nueces2017,Nueces,2017,"361,014","2,624",726.8
Nueces2016,Nueces,2016,"361,786","2,600",718.7
Nueces2014,Nueces,2014,"356,747","2,536",710.9
Nueces2015,Nueces,2015,"360,616","2,417",670.2
Ochiltree2014,Ochiltree,2014,"10,727",33,307.6
Ochiltree2015,Ochiltree,2015,"10,717",32,298.6
Ochiltree2016,Ochiltree,2016,"10,290",29,281.8
Ochiltree2017,Ochiltree,2017,"10,060",22,218.7
Ochiltree2018,Ochiltree,2018,"9,947",21,211.1
Oldham2017,Oldham,2017,"2,113",0,0
Oldham2015,Oldham,2015,"2,064",0,0
Oldham2018,Oldham,2018,"2,131",,
Oldham2016,Oldham,2016,"2,074",,
Oldham2014,Oldham,2014,"2,069",,
Orange2015,Orange,2015,"83,946",270,321.6
Orange2017,Orange,2017,"84,936",243,286.1
Orange2018,Orange,2018,"83,572",240,287.2
Orange2016,Orange,2016,"84,533",235,278
Orange2014,Orange,2014,"83,249",202,242.6
Palo Pinto2018,Palo Pinto,2018,"28,875",115,398.3
Palo Pinto2016,Palo Pinto,2016,"28,136",97,344.8
Palo Pinto2014,Palo Pinto,2014,"28,034",78,278.2
Palo Pinto2017,Palo Pinto,2017,"28,575",74,259
Palo Pinto2015,Palo Pinto,2015,"27,966",65,232.4
Panola2015,Panola,2015,"23,665",101,426.8
Panola2014,Panola,2014,"23,749",92,387.4
Panola2016,Panola,2016,"23,420",85,362.9
Panola2018,Panola,2018,"23,148",81,349.9
Panola2017,Panola,2017,"23,219",75,323
Parker2015,Parker,2015,"125,696",366,291.2
Parker2016,Parker,2016,"129,074",353,273.5
Parker2017,Parker,2017,"133,704",331,247.6
Parker2018,Parker,2018,"138,371",295,213.2
Parker2014,Parker,2014,"122,165",280,229.2
Parmer2016,Parmer,2016,"9,815",38,387.2
Parmer2018,Parmer,2018,"9,864",32,324.4
Parmer2017,Parmer,2017,"9,796",32,326.7
Parmer2015,Parmer,2015,"9,823",31,315.6
Parmer2014,Parmer,2014,"9,962",22,220.8
Pecos2018,Pecos,2018,"15,673",57,363.7
Pecos2016,Pecos,2016,"15,848",56,353.4
Pecos2014,Pecos,2014,"15,836",54,341
Pecos2017,Pecos,2017,"15,618",52,332.9
Pecos2015,Pecos,2015,"16,012",50,312.3
Polk2015,Polk,2015,"46,632",163,349.5
Polk2016,Polk,2016,"47,678",150,314.6
Polk2018,Polk,2018,"50,031",146,291.8
Polk2014,Polk,2014,"45,830",143,312
Polk2017,Polk,2017,"49,016",117,238.7
Potter2018,Potter,2018,"119,648","1,181",987.1
Potter2014,Potter,2014,"122,119","1,171",958.9
Potter2017,Potter,2017,"120,518","1,042",864.6
Potter2015,Potter,2015,"121,385","1,003",826.3
Potter2016,Potter,2016,"120,824",985,815.2
Presidio2016,Presidio,2016,"7,208",23,319.1
Presidio2015,Presidio,2015,"7,089",22,310.3
Presidio2018,Presidio,2018,"6,948",21,302.2
Presidio2017,Presidio,2017,"7,155",20,279.5
Presidio2014,Presidio,2014,"7,216",19,263.3
Rains2014,Rains,2014,"11,012",31,281.5
Rains2016,Rains,2016,"11,306",30,265.3
Rains2017,Rains,2017,"11,751",27,229.8
Rains2015,Rains,2015,"11,136",26,233.5
Rains2018,Rains,2018,"12,159",23,189.2
Randall2014,Randall,2014,"128,736",380,295.2
Randall2015,Randall,2015,"130,443",311,238.4
Randall2018,Randall,2018,"136,271",286,209.9
Randall2016,Randall,2016,"132,491",232,175.1
Randall2017,Randall,2017,"134,433",215,159.9
Reagan2015,Reagan,2015,"3,811",20,524.8
Reagan2016,Reagan,2016,"3,722",16,429.9
Reagan2014,Reagan,2014,"3,788",15,396
Reagan2017,Reagan,2017,"3,700",13,351.4
Reagan2018,Reagan,2018,"3,741",11,294
Real2017,Real,2017,"3,427",12,350.2
Real2014,Real,2014,"3,348",12,358.4
Real2015,Real,2015,"3,297",9,273
Real2018,Real,2018,"3,478",,
Real2016,Real,2016,"3,397",,
Red River2017,Red River,2017,"12,203",48,393.3
Red River2016,Red River,2016,"12,190",43,352.7
Red River2015,Red River,2015,"12,355",42,339.9
Red River2018,Red River,2018,"12,175",40,328.5
Red River2014,Red River,2014,"12,452",35,281.1
Reeves2018,Reeves,2018,"15,695",79,503.3
Reeves2014,Reeves,2014,"14,557",76,522.1
Reeves2016,Reeves,2016,"15,122",70,462.9
Reeves2015,Reeves,2015,"14,955",66,441.3
Reeves2017,Reeves,2017,"15,295",58,379.2
Refugio2015,Refugio,2015,"7,324",37,505.2
Refugio2017,Refugio,2017,"7,199",35,486.2
Refugio2016,Refugio,2016,"7,269",32,440.2
Refugio2018,Refugio,2018,"7,032",24,341.3
Refugio2014,Refugio,2014,"7,357",24,326.2
Roberts2018,Roberts,2018,903,0,0
Roberts2015,Roberts,2015,910,0,0
Roberts2017,Roberts,2017,937,,
Roberts2016,Roberts,2016,910,,
Roberts2014,Roberts,2014,914,,
Robertson2017,Robertson,2017,"17,185",135,785.6
Robertson2018,Robertson,2018,"17,284",121,700.1
Robertson2016,Robertson,2016,"16,814",115,684
Robertson2014,Robertson,2014,"16,468",109,661.9
Robertson2015,Robertson,2015,"16,701",93,556.9
Rockwall2016,Rockwall,2016,"93,432",199,213
Rockwall2015,Rockwall,2015,"90,169",184,204.1
Rockwall2017,Rockwall,2017,"96,877",173,178.6
Rockwall2018,Rockwall,2018,"100,657",171,169.9
Rockwall2014,Rockwall,2014,"87,073",151,173.4
Runnels2017,Runnels,2017,"10,333",37,358.1
Runnels2015,Runnels,2015,"10,394",26,250.1
Runnels2018,Runnels,2018,"10,234",23,224.7
Runnels2014,Runnels,2014,"10,297",23,223.4
Runnels2016,Runnels,2016,"10,291",19,184.6
Rusk2018,Rusk,2018,"54,450",177,325.1
Rusk2016,Rusk,2016,"52,962",146,275.7
Rusk2017,Rusk,2017,"54,320",141,259.6
Rusk2015,Rusk,2015,"53,006",120,226.4
Rusk2014,Rusk,2014,"53,238",118,221.6
Sabine2018,Sabine,2018,"10,589",39,368.3
Sabine2017,Sabine,2017,"10,441",36,344.8
Sabine2016,Sabine,2016,"10,382",26,250.4
Sabine2015,Sabine,2015,"10,445",26,248.9
Sabine2014,Sabine,2014,"10,431",18,172.6
San Augustine2014,San Augustine,2014,"8,480",40,471.7
San Augustine2017,San Augustine,2017,"8,292",35,422.1
San Augustine2016,San Augustine,2016,"8,283",35,422.6
San Augustine2018,San Augustine,2018,"8,232",30,364.4
San Augustine2015,San Augustine,2015,"8,347",30,359.4
San Jacinto2018,San Jacinto,2018,"28,719",112,390
San Jacinto2016,San Jacinto,2016,"27,724",98,353.5
San Jacinto2017,San Jacinto,2017,"28,242",82,290.3
San Jacinto2015,San Jacinto,2015,"27,358",81,296.1
San Jacinto2014,San Jacinto,2014,"27,051",37,136.8
San Patricio2014,San Patricio,2014,"66,665",249,373.5
San Patricio2015,San Patricio,2015,"67,126",194,289
San Patricio2016,San Patricio,2016,"67,322",168,249.5
San Patricio2017,San Patricio,2017,"67,223",132,196.4
San Patricio2018,San Patricio,2018,"66,893",127,189.9
San Saba2018,San Saba,2018,"6,054",22,363.4
San Saba2016,San Saba,2016,"5,934",20,337
San Saba2017,San Saba,2017,"6,032",15,248.7
San Saba2014,San Saba,2014,"5,862",12,204.7
San Saba2015,San Saba,2015,"5,930",8,134.9
Schleicher2018,Schleicher,2018,"2,895",8,276.3
Schleicher2017,Schleicher,2017,"2,995",7,233.7
Schleicher2016,Schleicher,2016,"3,057",,
Schleicher2015,Schleicher,2015,"3,195",,
Schleicher2014,Schleicher,2014,"3,165",,
Scurry2017,Scurry,2017,"17,004",112,658.7
Scurry2014,Scurry,2014,"17,380",88,506.3
Scurry2015,Scurry,2015,"17,566",81,461.1
Scurry2018,Scurry,2018,"16,866",68,403.2
Scurry2016,Scurry,2016,"17,381",37,212.9
Shackelford2016,Shackelford,2016,"3,341",11,329.2
Shackelford2018,Shackelford,2018,"3,253",7,215.2
Shackelford2017,Shackelford,2017,"3,305",7,211.8
Shackelford2015,Shackelford,2015,"3,337",7,209.8
Shackelford2014,Shackelford,2014,"3,320",6,180.7
Shelby2018,Shelby,2018,"25,418",89,350.1
Shelby2015,Shelby,2015,"25,414",83,326.6
Shelby2016,Shelby,2016,"25,624",82,320
Shelby2014,Shelby,2014,"25,624",80,312.2
Shelby2017,Shelby,2017,"25,311",68,268.7
Sherman2014,Sherman,2014,"3,064",10,326.4
Sherman2018,Sherman,2018,"3,079",0,0
Sherman2017,Sherman,2017,"3,041",,
Sherman2016,Sherman,2016,"3,056",,
Sherman2015,Sherman,2015,"3,051",,
Smith2016,Smith,2016,"225,344","1,161",515.2
Smith2017,Smith,2017,"227,460","1,150",505.6
Smith2014,Smith,2014,"219,605","1,132",515.5
Smith2018,Smith,2018,"230,221","1,123",487.8
Smith2015,Smith,2015,"222,447",896,402.8
Somervell2018,Somervell,2018,"9,016",19,210.7
Somervell2015,Somervell,2015,"8,620",18,208.8
Somervell2016,Somervell,2016,"8,672",16,184.5
Somervell2017,Somervell,2017,"8,847",15,169.5
Somervell2014,Somervell,2014,"8,562",13,151.8
Starr2016,Starr,2016,"64,025",270,421.7
Starr2017,Starr,2017,"64,267",235,365.7
Starr2018,Starr,2018,"64,525",227,351.8
Starr2015,Starr,2015,"63,595",172,270.5
Starr2014,Starr,2014,"63,059",167,264.8
Stephens2018,Stephens,2018,"9,433",34,360.4
Stephens2016,Stephens,2016,"9,385",32,341
Stephens2015,Stephens,2015,"9,390",21,223.6
Stephens2017,Stephens,2017,"9,307",17,182.7
Stephens2014,Stephens,2014,"9,345",17,181.9
Sterling2017,Sterling,2017,"1,301",5,384.3
Sterling2018,Sterling,2018,"1,311",,
Sterling2016,Sterling,2016,"1,344",,
Sterling2015,Sterling,2015,"1,336",,
Sterling2014,Sterling,2014,"1,341",,
Stonewall2018,Stonewall,2018,"1,362",0,0
Stonewall2017,Stonewall,2017,"1,387",,
Stonewall2016,Stonewall,2016,"1,404",,
Stonewall2015,Stonewall,2015,"1,399",,
Stonewall2014,Stonewall,2014,"1,388",,
Sutton2017,Sutton,2017,"3,798",12,316
Sutton2014,Sutton,2014,"3,970",12,302.3
Sutton2018,Sutton,2018,"3,758",10,266.1
Sutton2016,Sutton,2016,"3,885",6,154.4
Sutton2015,Sutton,2015,"3,916",6,153.2
Swisher2014,Swisher,2014,"7,555",23,304.4
Swisher2015,Swisher,2015,"7,484",21,280.6
Swisher2018,Swisher,2018,"7,462",11,147.4
Swisher2017,Swisher,2017,"7,481",,
Swisher2016,Swisher,2016,"7,438",,
Tarrant2018,Tarrant,2018,"2,084,931","9,571",459.1
Tarrant2016,Tarrant,2016,"2,024,925","8,998",444.4
Tarrant2015,Tarrant,2015,"1,985,924","8,826",444.4
Tarrant2017,Tarrant,2017,"2,057,468","8,384",407.5
Tarrant2014,Tarrant,2014,"1,946,639","8,330",427.9
Taylor2017,Taylor,2017,"136,696",729,533.3
Taylor2016,Taylor,2016,"136,260",701,514.5
Taylor2015,Taylor,2015,"136,141",652,478.9
Taylor2014,Taylor,2014,"135,003",620,459.2
Taylor2018,Taylor,2018,"137,640",533,387.2
Terrell2016,Terrell,2016,824,0,0
Terrell2015,Terrell,2015,870,0,0
Terrell2018,Terrell,2018,823,,
Terrell2017,Terrell,2017,820,,
Terrell2014,Terrell,2014,910,,
Terry2017,Terry,2017,"12,458",66,529.8
Terry2015,Terry,2015,"12,757",63,493.8
Terry2018,Terry,2018,"12,287",56,455.8
Terry2016,Terry,2016,"12,779",49,383.4
Terry2014,Terry,2014,"12,795",49,383
Throckmorton2017,Throckmorton,2017,"1,519",0,0
Throckmorton2018,Throckmorton,2018,"1,515",,
Throckmorton2016,Throckmorton,2016,"1,537",,
Throckmorton2015,Throckmorton,2015,"1,559",,
Throckmorton2014,Throckmorton,2014,"1,613",,
Titus2014,Titus,2014,"32,530",126,387.3
Titus2016,Titus,2016,"32,583",125,383.6
Titus2017,Titus,2017,"32,806",121,368.8
Titus2018,Titus,2018,"33,033",106,320.9
Titus2015,Titus,2015,"32,697",82,250.8
Tom Green2017,Tom Green,2017,"117,689",773,656.8
Tom Green2018,Tom Green,2018,"118,189",737,623.6
Tom Green2015,Tom Green,2015,"117,501",728,619.6
Tom Green2016,Tom Green,2016,"117,625",717,609.6
Tom Green2014,Tom Green,2014,"116,327",657,564.8
Travis2018,Travis,2018,"1,248,743","9,033",723.4
Travis2017,Travis,2017,"1,227,771","8,645",704.1
Travis2016,Travis,2016,"1,206,383","8,590",712
Travis2015,Travis,2015,"1,180,173","7,775",658.8
Travis2014,Travis,2014,"1,152,758","6,988",606.2
Trinity2016,Trinity,2016,"14,552",36,247.4
Trinity2018,Trinity,2018,"14,740",35,237.4
Trinity2017,Trinity,2017,"14,710",35,237.9
Trinity2015,Trinity,2015,"14,544",35,240.6
Trinity2014,Trinity,2014,"14,300",34,237.8
Tyler2018,Tyler,2018,"21,696",57,262.7
Tyler2017,Tyler,2017,"21,523",47,218.4
Tyler2016,Tyler,2016,"21,432",47,219.3
Tyler2015,Tyler,2015,"21,372",39,182.5
Tyler2014,Tyler,2014,"21,457",36,167.8
Upshur2017,Upshur,2017,"41,151",137,332.9
Upshur2016,Upshur,2016,"40,809",124,303.9
Upshur2014,Upshur,2014,"40,286",122,302.8
Upshur2018,Upshur,2018,"41,260",105,254.5
Upshur2015,Upshur,2015,"40,339",72,178.5
Upton2017,Upton,2017,"3,661",14,382.4
Upton2015,Upton,2015,"3,656",14,382.9
Upton2018,Upton,2018,"3,671",13,354.1
Upton2016,Upton,2016,"3,699",13,351.4
Upton2014,Upton,2014,"3,483",9,258.4
Uvalde2014,Uvalde,2014,"27,046",139,513.9
Uvalde2016,Uvalde,2016,"27,088",122,450.4
Uvalde2017,Uvalde,2017,"27,098",106,391.2
Uvalde2018,Uvalde,2018,"26,846",105,391.1
Uvalde2015,Uvalde,2015,"26,968",94,348.6
Val Verde2015,Val Verde,2015,"48,951",228,465.8
Val Verde2014,Val Verde,2014,"48,877",222,454.2
Val Verde2018,Val Verde,2018,"49,208",204,414.6
Val Verde2016,Val Verde,2016,"49,003",196,400
Val Verde2017,Val Verde,2017,"49,096",182,370.7
Van Zandt2014,Van Zandt,2014,"52,799",138,261.4
Van Zandt2017,Van Zandt,2017,"55,202",130,235.5
Van Zandt2016,Van Zandt,2016,"54,378",104,191.3
Van Zandt2015,Van Zandt,2015,"53,444",101,189
Van Zandt2018,Van Zandt,2018,"56,019",97,173.2
Victoria2014,Victoria,2014,"91,059",484,531.5
Victoria2018,Victoria,2018,"92,035",479,520.5
Victoria2015,Victoria,2015,"92,178",471,511
Victoria2017,Victoria,2017,"92,103",452,490.8
Victoria2016,Victoria,2016,"92,475",416,449.9
Walker2018,Walker,2018,"72,480",610,841.6
Walker2017,Walker,2017,"72,383",577,797.1
Walker2015,Walker,2015,"70,861",426,601.2
Walker2016,Walker,2016,"71,887",409,568.9
Walker2014,Walker,2014,"70,086",349,498
Waller2016,Waller,2016,"50,069",225,449.4
Waller2015,Waller,2015,"48,663",202,415.1
Waller2018,Waller,2018,"53,126",195,367.1
Waller2017,Waller,2017,"51,285",157,306.1
Waller2014,Waller,2014,"46,794",157,335.5
Ward2015,Ward,2015,"11,633",54,464.2
Ward2017,Ward,2017,"11,423",49,429
Ward2018,Ward,2018,"11,720",44,375.4
Ward2014,Ward,2014,"11,574",42,362.9
Ward2016,Ward,2016,"11,580",35,302.2
Washington2016,Washington,2016,"34,736",188,541.2
Washington2014,Washington,2014,"34,404",179,520.3
Washington2015,Washington,2015,"34,833",164,470.8
Washington2017,Washington,2017,"34,897",152,435.6
Washington2018,Washington,2018,"35,108",140,398.8
Webb2014,Webb,2014,"267,732","1,274",475.8
Webb2018,Webb,2018,"275,910","1,247",452
Webb2017,Webb,2017,"273,982","1,237",451.5
Webb2015,Webb,2015,"270,120","1,128",417.6
Webb2016,Webb,2016,"272,520","1,122",411.7
Wharton2015,Wharton,2015,"41,426",166,400.7
Wharton2016,Wharton,2016,"41,668",158,379.2
Wharton2014,Wharton,2014,"41,124",149,362.3
Wharton2017,Wharton,2017,"41,916",141,336.4
Wharton2018,Wharton,2018,"41,619",124,297.9
Wheeler2015,Wheeler,2015,"5,664",8,141.2
Wheeler2014,Wheeler,2014,"5,699",8,140.4
Wheeler2017,Wheeler,2017,"5,326",6,112.7
Wheeler2016,Wheeler,2016,"5,529",5,90.4
Wheeler2018,Wheeler,2018,"5,191",---,---
Wichita2017,Wichita,2017,"131,899",868,658.1
Wichita2016,Wichita,2016,"131,443",819,623.1
Wichita2015,Wichita,2015,"131,034",667,509
Wichita2014,Wichita,2014,"132,649",611,460.6
Wichita2018,Wichita,2018,"132,064",574,434.6
Wilbarger2016,Wilbarger,2016,"12,904",52,403
Wilbarger2014,Wilbarger,2014,"12,991",46,354.1
Wilbarger2018,Wilbarger,2018,"12,820",45,351
Wilbarger2017,Wilbarger,2017,"12,747",45,353
Wilbarger2015,Wilbarger,2015,"13,067",45,344.4
Willacy2014,Willacy,2014,"21,966",127,578.2
Willacy2017,Willacy,2017,"21,574",89,412.5
Willacy2018,Willacy,2018,"21,515",86,399.7
Willacy2015,Willacy,2015,"21,902",83,379
Willacy2016,Willacy,2016,"21,813",73,334.7
Williamson2014,Williamson,2014,"488,041","1,502",307.8
Williamson2015,Williamson,2015,"507,104","1,405",277.1
Williamson2017,Williamson,2017,"545,948","1,394",255.3
Williamson2018,Williamson,2018,"566,719","1,331",234.9
Williamson2016,Williamson,2016,"527,474","1,267",240.2
Wilson2015,Wilson,2015,"47,185",99,209.8
Wilson2014,Wilson,2014,"46,161",99,214.5
Wilson2017,Wilson,2017,"49,215",90,182.9
Wilson2016,Wilson,2016,"48,205",75,155.6
Wilson2018,Wilson,2018,"50,224",74,147.3
Winkler2014,Winkler,2014,"7,826",38,485.6
Winkler2018,Winkler,2018,"7,720",35,453.4
Winkler2017,Winkler,2017,"7,574",27,356.5
Winkler2016,Winkler,2016,"7,876",22,279.3
Winkler2015,Winkler,2015,"8,013",18,224.6
Wise2015,Wise,2015,"62,857",130,206.8
Wise2018,Wise,2018,"68,305",110,161
Wise2017,Wise,2017,"65,863",103,156.4
Wise2014,Wise,2014,"61,705",98,158.8
Wise2016,Wise,2016,"64,466",86,133.4
Wood2018,Wood,2018,"45,129",100,221.6
Wood2016,Wood,2016,"43,760",96,219.4
Wood2015,Wood,2015,"43,119",90,208.7
Wood2014,Wood,2014,"42,774",90,210.4
Wood2017,Wood,2017,"44,291",67,151.3
Yoakum2018,Yoakum,2018,"8,591",34,395.8
Yoakum2017,Yoakum,2017,"8,562",28,327
Yoakum2015,Yoakum,2015,"8,648",26,300.6
Yoakum2016,Yoakum,2016,"8,651",22,254.3
Yoakum2014,Yoakum,2014,"8,404",20,238
Young2018,Young,2018,"18,045",54,299.3
Young2016,Young,2016,"18,105",49,270.6
Young2015,Young,2015,"18,165",44,242.2
Young2014,Young,2014,"18,278",42,229.8
Young2017,Young,2017,"17,978",32,178
Zapata2014,Zapata,2014,"14,404",46,319.4
Zapata2018,Zapata,2018,"14,190",43,303
Zapata2016,Zapata,2016,"14,456",37,255.9
Zapata2017,Zapata,2017,"14,283",33,231
Zapata2015,Zapata,2015,"14,511",31,213.6
Zavala2014,Zavala,2014,"12,259",46,375.2
Zavala2015,Zavala,2015,"12,322",43,349
Zavala2018,Zavala,2018,"11,983",17,141.9
Zavala2016,Zavala,2016,"12,127",14,115.4
Zavala2017,Zavala,2017,"11,965",10,83.6